{
  "Baseline": {
    "duration": {
      "mean": 0.0017856666666666665,
      "std": 0.0005226832846877295,
      "lo": 0.0015986268553698155,
      "hi": 0.0019727064779635176,
      "n": 30
    },
    "steps": {
      "mean": 154.03333333333333,
      "std": 84.74606422895906,
      "lo": 123.70734372185142,
      "hi": 184.35932294481526,
      "n": 30
    },
    "util": {
      "mean": 0.7484166666666667,
      "std": 0.4295750121829179,
      "lo": 0.5946952227820814,
      "hi": 0.902138110551252,
      "n": 30
    }
  },
  "Larger Grid": {
    "duration": {
      "mean": 0.013948333333333335,
      "std": 0.006405089077597128,
      "lo": 0.011656301643188465,
      "hi": 0.016240365023478205,
      "n": 30
    },
    "steps": {
      "mean": 200.0,
      "std": 0.0,
      "lo": 200.0,
      "hi": 200.0,
      "n": 30
    },
    "util": {
      "mean": 0.9665999999999999,
      "std": 0.1297394205373961,
      "lo": 0.9201733446123591,
      "hi": 1.0130266553876408,
      "n": 30
    }
  },
  "Nearest Algo": {
    "duration": {
      "mean": 0.003965000000000001,
      "std": 0.0011312176838592393,
      "lo": 0.003560198950639678,
      "hi": 0.0043698010493603235,
      "n": 30
    },
    "steps": {
      "mean": 193.43333333333334,
      "std": 35.96711460950591,
      "lo": 180.56266666666667,
      "hi": 206.304,
      "n": 30
    },
    "util": {
      "mean": 0.9665555555555555,
      "std": 0.18255421350506995,
      "lo": 0.9012293692287193,
      "hi": 1.0318817418823916,
      "n": 30
    }
  },
  "Shelf Density Test": {
    "duration": {
      "mean": 0.007514666666666667,
      "std": 0.0021174850621682663,
      "lo": 0.0067569343686298714,
      "hi": 0.008272398964703461,
      "n": 30
    },
    "steps": {
      "mean": 180.2,
      "std": 60.415458172614194,
      "lo": 158.58060594807492,
      "hi": 201.81939405192506,
      "n": 30
    },
    "util": {
      "mean": 0.8749583333333334,
      "std": 0.3131287611332606,
      "lo": 0.762906645227462,
      "hi": 0.9870100214392048,
      "n": 30
    }
  }
}